﻿{
    "generated_at":  "2026-02-01T11:20:23",
    "files":  [
                  {
                      "path":  "commands\\run.md",
                      "sha256":  "371970a6fbeab548069ba2e1033e0a83e54c8c5ad8a1ea1cc620d0cacceb2717",
                      "bytes":  2325
                  },
                  {
                      "path":  "commands\\prove.md",
                      "sha256":  "f77548d40e712d9f04370ed1a55352de03a6165c767ace7873d7c0745e577e34",
                      "bytes":  2115
                  },
                  {
                      "path":  "lib\\ops_exec.ps1",
                      "sha256":  "ae3c0e2edca17bade3937892d94305b534a5dd77ad02341f3b6d21258637a2b9",
                      "bytes":  8125
                  },
                  {
                      "path":  "lib\\truth_guard.ps1",
                      "sha256":  "a3bafd07ce8021f812b60f08c6bf7e45a069edd38d64593959176514f7bd0607",
                      "bytes":  4568
                  },
                  {
                      "path":  "lib\\truth_gate_tests.ps1",
                      "sha256":  "e5026c74b71efd89432b85e04b794072613d344e277a0e246ee0b88c6c60819a",
                      "bytes":  6311
                  },
                  {
                      "path":  "TRUTH_GATE.md",
                      "sha256":  "5dd0cb305501b3ed1a0526fc47023b52cce0364c6b5a7d3c6ae24539f0712802",
                      "bytes":  2780
                  },
                  {
                      "path":  "VERSION",
                      "sha256":  "e7f56083370fe69b29abe9c229f9bacc30dfb9b5f0329bb6eed35b2814f25da7",
                      "bytes":  23
                  },
                  {
                      "path":  "README.md",
                      "sha256":  "b96705d735840933f345f090ed775b3f65cf9be591798b1bc187befb9a675445",
                      "bytes":  1944
                  }
              ],
    "source":  "truth_gate_release",
    "version":  "2026-02-01-truth-gate"
}
